model,accuracy,precision,recall,f1,roc_auc,tn,fp,fn,tp,best_params
lightgbm,0.9888412872372223,0.9880157507276152,0.9927748150696715,0.9903895658143127,0.9980564558799766,4154,70,42,5771,"{'model__learning_rate': 0.1, 'model__n_estimators': 200, 'model__num_leaves': 63}"
xgboost,0.9856530835907144,0.9852764937510701,0.9900223636676415,0.9876437274755449,0.9974297380414326,4138,86,58,5755,"{'model__learning_rate': 0.1, 'model__max_depth': 6, 'model__n_estimators': 200}"
catboost,0.9805718840290923,0.9816529492455418,0.9848615172888354,0.9832546157148991,0.9959211312549197,4117,107,88,5725,"{'model__depth': 6, 'model__iterations': 200, 'model__learning_rate': 0.1}"
