model,hidden_dim,learning_rate,batch_size,epochs,cv_accuracy_mean,cv_accuracy_std,cv_roc_auc_mean,cv_roc_auc_std
pytorch_mlp,128,0.001,32,30,0.9473892807303951,0.0041565154678860775,0.9835157293227657,0.0020377951688449673
pytorch_mlp,128,0.001,32,20,0.943602925253518,0.005122779767960208,0.9819500606671705,0.0018545474991306387
pytorch_mlp,64,0.001,32,30,0.9392435132081302,0.00568854261855457,0.9810473789503655,0.002200720159362835
pytorch_mlp,64,0.001,32,20,0.9376491557258188,0.0051200273149846235,0.9793879588258664,0.002379531874039443
