model,accuracy,precision,recall,f1,roc_auc,tn,fp,fn,tp,best_params
random_forest,0.9882434990535021,0.9898503354550147,0.9898503354550147,0.9898503354550147,0.9977856865685063,4165,59,59,5754,"{'model__max_depth': 20, 'model__min_samples_split': 2, 'model__n_estimators': 200}"
decision_tree,0.9785792567500249,0.9820874956941096,0.9809048683984174,0.9814958258025648,0.9841228630055936,4120,104,111,5702,"{'model__max_depth': None, 'model__min_samples_split': 10}"
logistic_regression,0.810899671216499,0.8622987229317046,0.801479442628591,0.8307774607703281,0.8756729422754118,3480,744,1154,4659,{'model__C': 10.0}
